Kernel_Name,DurationNs,Calls
"(anonymous namespace)::qwen35_paged_full_attn_decode_context_tensor_batch_kernel(float const*, unsigned short const*, unsigned short const*, int const*, long const*, float*, long, long, long, long, long, long, long, float)",467940341,4080
"void (anonymous namespace)::gemv_awq_selected_dual_pack8_strided_kernel<_Float16, true>(_Float16 const*, long const*, int const*, int const*, _Float16 const*, int const*, int const*, _Float16 const*, _Float16*, long, long, long, long, long, int)",326007011,16320
"void (anonymous namespace)::gemv_awq_dual_pack8_kernel<_Float16, true, true>(_Float16 const*, _Float16 const*, int const*, int const*, _Float16 const*, int const*, int const*, _Float16 const*, _Float16*, long, long, long, int)",325109553,29920
"(anonymous namespace)::w8a16_linear_kernel(unsigned short const*, signed char const*, float const*, float*, long, long)",305436870,412
"void (anonymous namespace)::gemv_awq_selected_pack8_kernel<_Float16, true>(_Float16 const*, long const*, int const*, int const*, _Float16 const*, _Float16*, long, long, long, long, int)",290799302,16320
"void (anonymous namespace)::qwen35_gdn_recurrent_rmsnorm_gate_segments_lowp_kernel<_Float16>(float const*, _Float16 const*, _Float16 const*, _Float16 const*, float const*, float const*, float const*, float*, float*, int const*, long const*, long, float, long, long, long, long)",236868965,4080
"void (anonymous namespace)::gemv_awq_pack8_kernel<_Float16, true>(_Float16 const*, int const*, int const*, _Float16 const*, _Float16 const*, _Float16*, long, long, long, int, bool)",230546538,24480
"void (anonymous namespace)::gemv_paro_marlin_k_fma_kernel<_Float16>(_Float16 const*, int const*, int const*, _Float16 const*, _Float16*, long, long, int)",213130797,21760
"void (anonymous namespace)::paro_rotate1_kernel<_Float16>(_Float16 const*, _Float16*, short const*, _Float16 const*, _Float16 const*, long, long, int, int)",184538746,32970
"(anonymous namespace)::qwen35_gdn_prefill_recurrent_k2_segments_kernel(float const*, float const*, float const*, float const*, float const*, float*, float*, int const*, long const*, long, long, long, long)",171502649,90
"void (anonymous namespace)::silu_mul_dual_rotate_out_kernel<_Float16>(_Float16 const*, short const*, _Float16 const*, _Float16 const*, _Float16*, long, long, int, int)",168836406,32760
"void (anonymous namespace)::paro_rotate2_kernel<_Float16>(_Float16 const*, _Float16*, _Float16*, short const*, short const*, _Float16 const*, _Float16 const*, _Float16 const*, _Float16 const*, long, long, int, int)",149897956,28770
"void (anonymous namespace)::gemm_awq_selected_dual_pack8_wmma_compact_kernel<_Float16>(_Float16 const*, long const*, long const*, long const*, int const*, int const*, _Float16 const*, int const*, int const*, _Float16 const*, _Float16*, long, long, long, long, long, int)",126220717,120
"(anonymous namespace)::qwen35_router_select_kernel(float const*, long*, float*, long, long, long)",103970174,16440
"void (anonymous namespace)::qwen35_gdn_recurrent_rmsnorm_gate_lowp_kernel<_Float16>(float const*, _Float16 const*, _Float16 const*, _Float16 const*, float const*, float const*, float const*, float*, float*, float, long, long, long, long)",102458219,8160
"void (anonymous namespace)::awq_fusedw4_prefill_dual_fp16_kernel<32, 32>(_Float16 const*, _Float16 const*, int const*, int const*, _Float16 const*, int const*, int const*, _Float16 const*, _Float16*, _Float16*, int, int, int, int, int, int, int, int)",89156537,240
"void (anonymous namespace)::qwen35_router_logits_kernel<_Float16>(_Float16 const*, unsigned short const*, float*, long, long)",77636116,16320
"void (anonymous namespace)::gemm_awq_selected_pack8_wmma_compact_kernel<_Float16>(_Float16 const*, long const*, long const*, long const*, int const*, int const*, _Float16 const*, _Float16*, long, long, long, long, int)",68938131,120
"void (anonymous namespace)::paro_add_rmsnorm_out_kernel<_Float16>(_Float16 const*, _Float16 const*, _Float16 const*, _Float16*, _Float16*, float, long, long)",55505135,16440
"void (anonymous namespace)::paro_rmsnorm_out_kernel<_Float16>(_Float16 const*, _Float16 const*, _Float16*, float, long, long)",54725130,16852
"void (anonymous namespace)::awq_fusedw4_prefill_fp16_kernel<32, 32, true>(int const*, int const*, _Float16 const*, _Float16 const*, _Float16*, int, int, int, int, int)",41837302,270
"(anonymous namespace)::qwen35_head_rmsnorm_partial_rotary_position_kernel(float const*, float const*, unsigned short const*, unsigned short const*, float const*, float const*, long const*, float*, float*, float, long, long, long, long, long)",32795831,5440
"(anonymous namespace)::qwen35_linear_attn_conv_prefill_segments_kernel(float const*, float const*, float const*, float*, int const*, long const*, long, long, long)",30867367,4170
"void (anonymous namespace)::dense_gemv_out_kernel<_Float16>(_Float16 const*, _Float16 const*, _Float16*, long, long, long)",30807598,8340
"void (anonymous namespace)::qwen35_router_logits_token_tile_kernel<_Float16, 4>(_Float16 const*, unsigned short const*, float*, long, long, long)",30328505,120
"void (anonymous namespace)::paro_rotate3_kernel<_Float16>(_Float16 const*, _Float16*, _Float16*, _Float16*, short const*, short const*, short const*, _Float16 const*, _Float16 const*, _Float16 const*, _Float16 const*, _Float16 const*, _Float16 const*, long, long, int, int)",29906951,5470
"void (anonymous namespace)::dense_dual_gemv_out_kernel<_Float16>(_Float16 const*, _Float16 const*, _Float16 const*, _Float16*, long, long, long, long)",29143010,8160
"void (anonymous namespace)::qwen35_write_paged_kv_mixed_value_batch_position_tensor_kernel<_Float16>(float const*, _Float16 const*, unsigned short*, unsigned short*, int const*, long const*, long, long, long, long, long)",28783887,4080
"void (anonymous namespace)::weighted_sum_shared_gate_combine_residual_out_kernel<_Float16, float>(_Float16 const*, float const*, _Float16 const*, float const*, _Float16 const*, _Float16*, long, long)",28686183,10880
"void (anonymous namespace)::qwen35_linear_attn_conv_decode_lowp_kernel<_Float16>(_Float16 const*, float*, float const*, float*, long, long)",25007242,8160
"(anonymous namespace)::qwen35_moe_group_scatter_gather_kernel(unsigned short const*, long const*, float const*, long const*, int*, long*, long*, float*, unsigned short*, long, long, long, long)",22676594,5560
"(anonymous namespace)::fp16_to_f32_kernel(_Float16 const*, float*, long)",22121694,9640
"void (anonymous namespace)::weighted_lanes_sum_out_kernel<_Float16>(_Float16 const*, float const*, long const*, _Float16*, long, long, long)",20065486,5560
"(anonymous namespace)::qwen35_split_qgate_fp16_kernel(_Float16 const*, float*, _Float16*, long, long, long)",19957618,5470
"(anonymous namespace)::f32_to_fp16_kernel(float const*, _Float16*, long)",19349986,12240
"(anonymous namespace)::qwen35_moe_wmma_tile_map_kernel(long const*, long*, long*, long*, long)",15589759,5560
"void (anonymous namespace)::shared_gate_combine_residual_batch_out_kernel<_Float16>(_Float16 const*, _Float16 const*, float const*, _Float16 const*, _Float16*, long, long, long)",15320204,5560
"(anonymous namespace)::qwen35_linear_attn_conv_prefill_segments_state_kernel(float const*, float*, int const*, long const*, long, long, long)",14997399,4170
"(anonymous namespace)::qwen35_moe_group_prefix_kernel(int const*, int*, long*, long*, long, long)",14776268,5560
attn_fwd,12364886,30
"(anonymous namespace)::weighted_lanes_inverse_kernel(long const*, long*, long)",8980999,5560
"(anonymous namespace)::qwen35_moe_group_count_kernel(long const*, int*, long, long)",8545967,5560
"(anonymous namespace)::qwen35_full_attn_gate_mul_fp16_kernel(float const*, _Float16 const*, _Float16*, long)",7764160,4080
"void (anonymous namespace)::qwen35_linear_attn_prefill_prepare_kernel<_Float16>(float const*, _Float16 const*, _Float16 const*, float const*, float const*, float*, float*, float*, float*, float*, long, long, long, long, long)",7530113,90
"(anonymous namespace)::qwen35_gdn_prefill_rmsnorm_gate_fp16_kernel(float const*, _Float16 const*, float const*, _Float16*, float, long, long, long)",5461655,90
"(anonymous namespace)::batch_argmax_stage1_kernel(float const*, float*, long*, long, long)",2058140,408
"(anonymous namespace)::paro_rotate1_bf16_gate_fp16_kernel(unsigned short const*, _Float16 const*, _Float16*, short const*, _Float16 const*, _Float16 const*, long, long, int, int)",1822457,30
"(anonymous namespace)::qwen35_head_rmsnorm_partial_rotary_positions_q_bf16_key_f32_kernel(float const*, float const*, unsigned short const*, unsigned short const*, float const*, float const*, long const*, unsigned short*, float*, float, long, long, long, long, long, long)",1695618,30
"(anonymous namespace)::embedding_lookup_batch_mapped_bf16_i64_kernel(unsigned short const*, long const*, int const*, unsigned short*, long, long, long, long)",1405568,408
"(anonymous namespace)::set_i64_vector_kernel(long*, long const*, long)",1290615,408
"(anonymous namespace)::batch_argmax_stage2_kernel(float const*, long const*, long, long*, float*)",1198336,408
"(anonymous namespace)::fp16_to_bf16_kernel(_Float16 const*, unsigned short*, long)",756967,442
"(anonymous namespace)::set_decode_positions_i64_kernel(long*, long*, long const*, unsigned char const*, long)",711166,408
"void (anonymous namespace)::silu_mul_separate_out_kernel<_Float16>(_Float16 const*, _Float16 const*, _Float16*, long, long)",445882,120
"void (anonymous namespace)::qwen35_write_paged_kv_mixed_value_prompt_position_tensor_kernel<_Float16>(float const*, _Float16 const*, unsigned short*, unsigned short*, int const*, long const*, long, long, long, long, long)",181721,30
"(anonymous namespace)::f32_to_bf16_kernel(float const*, unsigned short*, long)",95880,30
"(anonymous namespace)::embedding_lookup_batch_bf16_i64_kernel(unsigned short const*, long const*, unsigned short*, long, long, long)",67880,3
"(anonymous namespace)::argmax_stage2_kernel(float const*, long const*, long, long*, float*)",21560,4
"(anonymous namespace)::argmax_stage1_kernel(float const*, float*, long*, long)",18880,4
